Parent Category,Sub Category,Parts
Maintenance / Service Parts,Equipment,
Maintenance / Service Parts,Belt,Timing Belt
Maintenance / Service Parts,Belt,V-Belt
Maintenance / Service Parts,Brakes,Brake Disc
Maintenance / Service Parts,Brakes,Brake Pad
Maintenance / Service Parts,Brakes,Brake Shoe
Maintenance / Service Parts,Bulbs,
Maintenance / Service Parts,Filters,Air Filter
Maintenance / Service Parts,Filters,Cabin Filter
Maintenance / Service Parts,Filters,Fuel Filter
Maintenance / Service Parts,Filters,Oil Filter
Maintenance / Service Parts,Fluids,Brake Fluid
Maintenance / Service Parts,Fluids,Coolant
Maintenance / Service Parts,Shock Absorber,
Maintenance / Service Parts,Spark/ Glow Plug,
Maintenance / Service Parts,Wiper Blades,
Lubricants,Engine Oil,
Lubricants,Transmission Oil,
Lubricants,Steering Oil,
Brakes,Brake Hydraulics / Hoses,Brake Booster
Brakes,Brake Hydraulics / Hoses,Brake Master Cylinder
Brakes,Brake Hydraulics / Hoses,"Vacuum Pump, Brake"
Brakes,Disc Brake,Brake Caliper
Brakes,Disc Brake,Front Brake Disc
Brakes,Disc Brake,Rear Brake Disc
Brakes,Disc Brake,Front Brake Pads
Brakes,Disc Brake,Rear Brake Pads
Brakes,Drum Brake,Brake Shoes
Brakes,Drum Brake,Wheel Brake Cylinder
Brakes,Hand Brake,
Suspension,Compressed Air System,
Suspension,Shock Absorber,Front Shock Absorber
Suspension,Shock Absorber,Rear Shock Absorber
Suspension,Springs,Front Coil Spring
Suspension,Springs,Rear Coil Spring
Suspension,Springs,Leaf Spring
Suspension,Stabilizer Components,Stabilizer
Suspension,Stabilizer Components,Stabilizer Rod
Suspension,Stabilizer Components,"Bush, Stabilizer"
Suspension,Suspension Kit,
Suspension,Suspension Links,Ball Joint
Suspension,Suspension Links,Control Arm
Body,Bonnnet,
Body,Door,
Body,Engine Cover,
Body,Frame,
Body,Mirrors,
Body,Panels,
Body,Window,
Body,Wnidshield,
Electric Components & Lights,Alternator Components,Alternator
Electric Components & Lights,Alternator Components,V-belt
Electric Components & Lights,Alternator Components,V-belt pulley
Electric Components & Lights,Audio System,
Electric Components & Lights,Battery,
Electric Components & Lights,Control Units,
Electric Components & Lights,Electric Drive,
Electric Components & Lights,Fuses/ Relays,
Electric Components & Lights,Horn,
Electric Components & Lights,Information / Communication Systems,
Electric Components & Lights,Lights,Bulbs
Electric Components & Lights,Lights,Fog Lamp
Electric Components & Lights,Lights,Headlight
Electric Components & Lights,Lights,Tail Light
Electric Components & Lights,Security System,
Electric Components & Lights,Sensors,Lambda Sensor
Electric Components & Lights,Spark/ Glow Plug,
Electric Components & Lights,Starter motor,
Electric Components & Lights,Switches,
Electric Components & Lights,Windscreen Cleaning Parts,
Electric Components & Lights,Wiring Harness,
Engine,Air Supply,Air Filter
Engine,Air Supply,Turbocharger
Engine,Belt/ Chain Drive,Belt Pulley
Engine,Belt/ Chain Drive,Timing Belt
Engine,Belt/ Chain Drive,Timing Chain
Engine,Belt/ Chain Drive,V-belt
Engine,Cooling,Radiator
Engine,Cooling,Water Pump
Engine,Cooling,Thermostat
Engine,Cylinder Block,Piston Rings
Engine,Cylinder Block,Crankshaft
Engine,Cylinder Block,Piston
Engine,Cylinder Head,Camshaft
Engine,Cylinder Head,Valves
Engine,Cylinder Head,"Vacuum Pump, Engine"
Engine,Engine Electric,
Engine,Gaskets/ Seals,
Engine,Ignition,Glow Plug
Engine,Ignition,Spark Plug
Engine,Lubrication,Engine Oil
Engine,Lubrication,Oil Filter
Engine,Lubrication,"Oil Pump, Lubrication"
Engine,Mountings,
Engine,Sensors,Lambda Sensor
Engine,Starter,
Trims,Bumper,Front Bumper
Trims,Bumper,Rear Bumper
Trims,Gas Spring,
Trims,Mirrors,
Trims,Mudguard,
Trims,Spoilers/Wings,
Interior,Accessories,
Interior,Air Bag System,
Interior,Controls,Pedals
Interior,Controls,Window Lift
Interior,Dashboard,
Interior,Locking System,
Interior,Panel/ Tray,
Interior,Seats,
Steering,Joints / Steering Knuckle,
Steering,Steering Column/ Steering Wheel,
Steering,Steering Gear Box,
Steering,Steering Hydraulics / Hoses,Steering Pump
Steering,Steering Linkage / Tie rod,
Transmission,Axles/ Shafts,Drive Shaft
Transmission,Clutch,Clutch Disc
Transmission,Clutch,Clutch plates
Transmission,Differential,
Transmission,Gaskets,
Transmission,Gearbox,Automatic Transmission
Transmission,Gearbox,Manual Transmission
Transmission,Gearbox,"Oil Pump, Transmission"
Transmission,Joints,
Transmission,Mounting/ Housing,
Fuel Supply System,Carburettor System,
Fuel Supply System,Fuel Filter,
Fuel Supply System,Fuel Pump,
Fuel Supply System,Fuel Tank/ Lines,
Fuel Supply System,Injection System,Injection Pump
Fuel Supply System,Injection System,Injector
Fuel Supply System,LPG/ CNG System,
Air Conditioning / Heater,AC kits,
Air Conditioning / Heater,Cabin Air Filter,
Air Conditioning / Heater,AC compressor,
Air Conditioning / Heater,Condenser,
Air Conditioning / Heater,Expansion Valve,
Air Conditioning / Heater,Heater,
Air Conditioning / Heater,V-belts,
Wheel Drive,Rims,
Wheel Drive,Tyres,
Wheel Drive,Wheel Bearing,Front Wheel Bearing
Wheel Drive,Wheel Bearing,Rear Wheel Bearing
Wheel Drive,Wheel Hub,Front Wheel Hub
Wheel Drive,Wheel Hub,Rear Wheel Hub
Exhaust System,Emission Control Systems,
Exhaust System,Exhaust Manifold,
Exhaust System,Exhaust Pipe,
Exhaust System,Exhaust System Complete,
Exhaust System,Lambda Sensor,
Exhaust System,Muffler/ Silencer,
Universal,Equipment,
